{"a0":11822.98,"a1":0.00235515,"a2":0.019715,"a3":0.000027385,"a4":0.008336,"a5":0.0003817,"a6":0.029613,"a7":0.0004105,"a8":0,"a9":0,"a10":0,"a11":0,"a12":0}