{"a0":10866.55,"a1":0.0025432,"a2":0.020437999999999998,"a3":0.000029055,"a4":0.0087165,"a5":0.0003937,"a6":0.0310635,"a7":0,"a8":0,"a9":0,"a10":0,"a11":0,"a12":0}