{"btcusdt":9410,"bnbusdt":11.56815,"ethusdt":126.17,"bnbbtc":0.0024111000000000002,"ethbtc":0.0281835,"xrpbtc":0.000037434999999999996,"ltcbtc":0.007633,"eosbtc":0.00046015,"bchbtc":0.047719}