{"btcusdt":6060.875,"bnbusdt":11.70725,"ethusdt":126.725,"a3":0.000027385,"a4":0.008336,"a5":0.0003817,"a6":0.029613,"a7":0.0004105,"a8":0,"a9":0,"a10":0,"a11":0,"a12":0}