{
    "BTC/USDT": 9410,
    "BNB/USDT": 11.56815,
    "ETH/USDT": 126.17,
    "---fiats---": 0,
    "BNB/BTC": 0.0024111000000000002,
    "ETH/BTC": 0.0281835,
    "---quotes---": 0,
    "XRP/BTC": 0.000037434999999999996,
    "LTC/BTC": 0.007633,
    "EOS/BTC": 0.00046015,
    "BCH/BTC": 0.047719,
    "ADA/BTC": 0.000004705,
    "XLM/BTC": 0.000006405,
    "XMR/BTC": 0.007622,
    "TRX/BTC": 0.000001805,
    "---btc---": 0,
    "XRP/ETH": 0.001364625,
    "LTC/ETH": 0.29888499999999996,
    "EOS/ETH": 0.016751500000000002,
    "ADA/ETH": 0.00022744,
    "XLM/ETH": 0.000309845,
    "XMR/ETH": 0.36944,
    "TRX/ETH": 0.00008724500000000001,
    "---eth---": 0,
    "XRP/BNB": 0.014530000000000001,
    "LTC/BNB": 3.1845,
    "EOS/BNB": 0.1784,
    "ADA/BNB": 0.0024225,
    "XLM/BNB": 0.0033025,
    "XMR/BNB": 3.9335,
    "TRX/BNB": 0.0009305,
    "---bnb---": 0
}